{"arrival_time": 1587301909, "duration": 78, "steps": [{"distance": 5813, "step": 1, "html_instructions": "Subway towards Canarsie - Rockaway Pkwy", "line_name": "L"}, {"distance": 9582, "step": 2, "html_instructions": "Subway towards Jamaica Center - Parsons/Archer", "line_name": "J"}, {"distance": 3518, "step": 3, "html_instructions": "Subway towards World Trade Center", "line_name": "E"}], "start_location_id": "A", "start_location": {"lat": 40.7087015, "lng": -73.9416712}, "departure_time": 1587297184}