{"start_location": {"lat": 40.7087015, "lng": -73.9416712}, "arrival_time": 1587212013, "steps": [{"step": 1, "line_name": "L", "html_instructions": "Subway towards 8 Av", "distance": 1490}, {"step": 2, "line_name": "G", "html_instructions": "Subway towards Court Sq - 23 St", "distance": 4403}, {"step": 3, "line_name": "7", "html_instructions": "Subway towards Flushing - Main St", "distance": 5187}, {"step": 4, "line_name": "E", "html_instructions": "Subway towards Jamaica Center - Parsons/Archer", "distance": 4950}], "start_location_id": "A", "departure_time": 1587207705, "duration": 71}