{"steps": [{"distance": 1490, "step": 1, "html_instructions": "Subway towards 8 Av", "line_name": "L"}, {"distance": 4403, "step": 2, "html_instructions": "Subway towards Court Sq - 23 St", "line_name": "G"}, {"distance": 5187, "step": 3, "html_instructions": "Subway towards Flushing - Main St", "line_name": "7"}, {"distance": 4950, "step": 4, "html_instructions": "Subway towards Jamaica - 179 St", "line_name": "F"}], "start_location": {"lat": 40.7087015, "lng": -73.9416712}, "departure_time": 1587228091, "duration": 77, "start_location_id": "A", "arrival_time": 1587232724}