{"arrival_time": 1587230449, "departure_time": 1587226447, "start_location": {"lng": -73.9416712, "lat": 40.7087015}, "steps": [{"distance": 5813, "step": 1, "line_name": "L", "html_instructions": "Subway towards Canarsie - Rockaway Pkwy"}, {"distance": 9582, "step": 2, "line_name": "J", "html_instructions": "Subway towards Jamaica Center - Parsons/Archer"}, {"distance": 3518, "step": 3, "line_name": "E", "html_instructions": "Subway towards World Trade Center"}], "start_location_id": "A", "duration": 66}