{"start_location_id": "A", "duration": 76, "start_location": {"lat": 40.7087015, "lng": -73.9416712}, "arrival_time": 1587341509, "departure_time": 1587336948, "steps": [{"html_instructions": "Subway towards Canarsie - Rockaway Pkwy", "line_name": "L", "step": 1, "distance": 5813}, {"html_instructions": "Subway towards Jamaica Center - Parsons/Archer", "line_name": "J", "step": 2, "distance": 9582}, {"html_instructions": "Subway towards World Trade Center", "line_name": "E", "step": 3, "distance": 3518}]}