{"departure_time": 1587300903, "start_location": {"lat": 40.7087015, "lng": -73.9416712}, "steps": [{"html_instructions": "Subway towards Canarsie - Rockaway Pkwy", "distance": 5813, "line_name": "L", "step": 1}, {"html_instructions": "Subway towards Jamaica Center - Parsons/Archer", "distance": 9582, "line_name": "J", "step": 2}, {"html_instructions": "Subway towards World Trade Center", "distance": 3518, "line_name": "E", "step": 3}], "start_location_id": "A", "duration": 77, "arrival_time": 1587305539}