{"steps": [{"html_instructions": "Subway towards 8 Av", "line_name": "L", "step": 1, "distance": 1490}, {"html_instructions": "Subway towards Court Sq - 23 St", "line_name": "G", "step": 2, "distance": 4403}, {"html_instructions": "Subway towards Flushing - Main St", "line_name": "7", "step": 3, "distance": 5187}, {"html_instructions": "Subway towards Forest Hills - 71 Av", "line_name": "R", "step": 4, "distance": 4948}], "duration": 69, "arrival_time": 1587346340, "start_location": {"lat": 40.7087015, "lng": -73.9416712}, "start_location_id": "A", "departure_time": 1587342154}