{"steps": [{"html_instructions": "Subway towards Canarsie - Rockaway Pkwy", "line_name": "L", "distance": 5813, "step": 1}, {"html_instructions": "Subway towards Jamaica Center - Parsons/Archer", "line_name": "J", "distance": 9582, "step": 2}, {"html_instructions": "Subway towards World Trade Center", "line_name": "E", "distance": 3518, "step": 3}], "duration": 71, "start_location": {"lat": 40.7087015, "lng": -73.9416712}, "start_location_id": "A", "arrival_time": 1587235489, "departure_time": 1587231214}