{"departure_time": 1587304378, "duration": 65, "start_location": {"lat": 40.7087015, "lng": -73.9416712}, "start_location_id": "A", "arrival_time": 1587308329, "steps": [{"html_instructions": "Subway towards Canarsie - Rockaway Pkwy", "distance": 5813, "step": 1, "line_name": "L"}, {"html_instructions": "Subway towards Jamaica Center - Parsons/Archer", "distance": 9582, "step": 2, "line_name": "J"}, {"html_instructions": "Subway towards World Trade Center", "distance": 3518, "step": 3, "line_name": "E"}]}