{"start_location": {"lng": -73.9416712, "lat": 40.7087015}, "start_location_id": "A", "steps": [{"step": 1, "html_instructions": "Subway towards 8 Av", "distance": 1490, "line_name": "L"}, {"step": 2, "html_instructions": "Subway towards Court Sq - 23 St", "distance": 4403, "line_name": "G"}, {"step": 3, "html_instructions": "Subway towards Flushing - Main St", "distance": 5187, "line_name": "7"}, {"step": 4, "html_instructions": "Subway towards Forest Hills - 71 Av", "distance": 4948, "line_name": "R"}], "departure_time": 1587314409, "arrival_time": 1587318953, "duration": 75}