{"start_location": {"lat": 40.7087015, "lng": -73.9416712}, "steps": [{"distance": 1490, "html_instructions": "Subway towards 8 Av", "step": 1, "line_name": "L"}, {"distance": 4403, "html_instructions": "Subway towards Court Sq - 23 St", "step": 2, "line_name": "G"}, {"distance": 5187, "html_instructions": "Subway towards Flushing - Main St", "step": 3, "line_name": "7"}, {"distance": 4950, "html_instructions": "Subway towards Jamaica Center - Parsons/Archer", "step": 4, "line_name": "E"}], "departure_time": 1587242405, "arrival_time": 1587246533, "start_location_id": "A", "duration": 68}