{"start_location_id": "A", "duration": 61, "departure_time": 1587225754, "start_location": {"lng": -73.9416712, "lat": 40.7087015}, "steps": [{"line_name": "L", "step": 1, "distance": 1490, "html_instructions": "Subway towards 8 Av"}, {"line_name": "G", "step": 2, "distance": 4403, "html_instructions": "Subway towards Court Sq - 23 St"}, {"line_name": "7", "step": 3, "distance": 5187, "html_instructions": "Subway towards Flushing - Main St"}, {"line_name": "R", "step": 4, "distance": 4948, "html_instructions": "Subway towards Forest Hills - 71 Av"}], "arrival_time": 1587229463}