{"steps": [{"line_name": "L", "html_instructions": "Subway towards 8 Av", "step": 1, "distance": 1490}, {"line_name": "G", "html_instructions": "Subway towards Court Sq - 23 St", "step": 2, "distance": 4403}, {"line_name": "7", "html_instructions": "Subway towards Flushing - Main St", "step": 3, "distance": 5187}, {"line_name": "R", "html_instructions": "Subway towards Forest Hills - 71 Av", "step": 4, "distance": 4948}], "departure_time": 1587314512, "duration": 70, "start_location": {"lat": 40.7087015, "lng": -73.9416712}, "arrival_time": 1587318743, "start_location_id": "A"}