{"start_location": {"lng": -73.9416712, "lat": 40.7087015}, "arrival_time": 1587029753, "start_location_id": "A", "departure_time": 1587025347, "duration": 73, "steps": [{"distance": 2798, "line_name": "B43", "step": 1, "html_instructions": "Bus towards Greenpoint Box St"}, {"distance": 2999, "line_name": "B62", "step": 2, "html_instructions": "Bus towards L I City Queens Plaza"}, {"distance": 9671, "line_name": "E", "step": 3, "html_instructions": "Subway towards Jamaica Center - Parsons/Archer"}]}