{"steps": [{"line_name": "L", "html_instructions": "Subway towards 8 Av", "distance": 1490, "step": 1}, {"line_name": "G", "html_instructions": "Subway towards Court Sq - 23 St", "distance": 4403, "step": 2}, {"line_name": "7", "html_instructions": "Subway towards Flushing - Main St", "distance": 5187, "step": 3}, {"line_name": "F", "html_instructions": "Subway towards Jamaica - 179 St", "distance": 4950, "step": 4}], "start_location": {"lat": 40.7087015, "lng": -73.9416712}, "start_location_id": "A", "departure_time": 1587254436, "duration": 67, "arrival_time": 1587258458}