{"duration": 62, "departure_time": 1586936020, "start_location_id": "A", "steps": [{"html_instructions": "Bus towards Greenpoint Box St", "distance": 2798, "step": 1, "line_name": "B43"}, {"html_instructions": "Bus towards L I City Queens Plaza", "distance": 2999, "step": 2, "line_name": "B62"}, {"html_instructions": "Subway towards Jamaica Center - Parsons/Archer", "distance": 9671, "step": 3, "line_name": "E"}], "start_location": {"lng": -73.9416712, "lat": 40.7087015}, "arrival_time": 1586939753}