{"departure_time": 1587335768, "steps": [{"distance": 5813, "html_instructions": "Subway towards Canarsie - Rockaway Pkwy", "step": 1, "line_name": "L"}, {"distance": 9582, "html_instructions": "Subway towards Jamaica Center - Parsons/Archer", "step": 2, "line_name": "J"}, {"distance": 3518, "html_instructions": "Subway towards World Trade Center", "step": 3, "line_name": "E"}], "duration": 84, "start_location": {"lng": -73.9416712, "lat": 40.7087015}, "arrival_time": 1587340849, "start_location_id": "A"}