{"start_location": {"lat": 40.7087015, "lng": -73.9416712}, "start_location_id": "A", "arrival_time": 1587313253, "steps": [{"step": 1, "distance": 1490, "line_name": "L", "html_instructions": "Subway towards 8 Av"}, {"step": 2, "distance": 4403, "line_name": "G", "html_instructions": "Subway towards Court Sq - 23 St"}, {"step": 3, "distance": 5187, "line_name": "7", "html_instructions": "Subway towards Flushing - Main St"}, {"step": 4, "distance": 4950, "line_name": "F", "html_instructions": "Subway towards Jamaica - 179 St"}], "departure_time": 1587308554, "duration": 78}